                  epoch,         train/box_loss,         train/cls_loss,         train/dfl_loss,   metrics/precision(B),      metrics/recall(B),       metrics/mAP50(B),    metrics/mAP50-95(B),           val/box_loss,           val/cls_loss,           val/dfl_loss,                 lr/pg0,                 lr/pg1,                 lr/pg2
                      1,                 2.9556,                 3.4252,                 2.7217,                0.04155,                0.65657,                0.05276,                  0.013,                 3.1044,                 2.6681,                 3.2092,                0.00036,                0.00036,                0.00036
                      2,                 2.1801,                 2.0626,                 2.0734,                0.22004,                0.37778,                   0.17,                0.05107,                 2.6262,                 2.1999,                 2.6172,             0.00073634,             0.00073634,             0.00073634
                      3,                 1.4594,                 1.5909,                 1.5336,                 0.4903,                0.56465,                0.48467,                0.31214,                 1.3686,                 1.5862,                 1.6809,              0.0011089,              0.0011089,              0.0011089
                      4,                 1.1158,                 1.3361,                 1.2759,                0.46978,                0.49495,                0.43412,                0.33165,                 1.0242,                 1.6317,                 1.2551,              0.0014777,              0.0014777,              0.0014777
                      5,                 1.0184,                 1.2158,                 1.2406,                0.66638,                0.69192,                0.69511,                0.57202,                0.74233,                 1.1057,                 1.0984,              0.0018428,              0.0018428,              0.0018428
                      6,                0.92198,                 1.0978,                 1.1619,                 0.6459,                0.74949,                0.68679,                 0.5612,                0.73254,                0.99847,                 1.0596,              0.0019505,              0.0019505,              0.0019505
                      7,                0.91382,                 1.0439,                 1.1656,                0.71897,                0.73535,                0.73974,                0.62002,                0.66325,                0.90013,                 1.0368,              0.0019505,              0.0019505,              0.0019505
                      8,                0.82755,                0.97896,                 1.1044,                0.72662,                0.72221,                0.75882,                0.65681,                0.60302,                0.91973,                0.98102,              0.0019406,              0.0019406,              0.0019406
                      9,                0.78675,                0.90668,                 1.0827,                0.68765,                0.80707,                0.77154,                0.66018,                0.61806,                0.80848,                 0.9957,              0.0019307,              0.0019307,              0.0019307
                     10,                0.77774,                0.89311,                 1.0698,                0.73438,                0.79596,                0.77228,                0.66125,                0.59923,                0.79568,                0.97966,              0.0019208,              0.0019208,              0.0019208
                     11,                0.75707,                0.89441,                 1.0695,                0.76347,                0.80101,                0.80001,                0.68321,                0.58146,                0.82175,                0.96584,              0.0019109,              0.0019109,              0.0019109
                     12,                0.76158,                0.86856,                  1.074,                0.76395,                0.79899,                0.80609,                0.68472,                0.60895,                0.79552,                0.98851,               0.001901,               0.001901,               0.001901
                     13,                0.74366,                0.83903,                 1.0541,                0.78093,                0.82626,                0.82795,                0.71437,                0.57739,                0.71554,                0.95723,              0.0018911,              0.0018911,              0.0018911
                     14,                0.73206,                0.83745,                 1.0646,                 0.7895,                0.78485,                0.81208,                0.71007,                0.54104,                0.70799,                0.94012,              0.0018812,              0.0018812,              0.0018812
                     15,                 0.7128,                0.79882,                 1.0502,                0.79374,                0.81919,                0.82694,                0.72271,                0.55504,                 0.6943,                 0.9502,              0.0018713,              0.0018713,              0.0018713
                     16,                0.73194,                0.79216,                  1.046,                0.76319,                0.82626,                0.82664,                0.72131,                0.55188,                0.68873,                0.94937,              0.0018614,              0.0018614,              0.0018614
                     17,                0.69776,                 0.7792,                 1.0316,                0.79715,                 0.8296,                0.84149,                0.73365,                0.55546,                0.65922,                0.94937,              0.0018515,              0.0018515,              0.0018515
                     18,                0.68691,                0.77888,                  1.026,                0.81839,                0.78788,                0.83963,                0.73169,                0.54558,                0.74115,                0.94803,              0.0018416,              0.0018416,              0.0018416
                     19,                0.66892,                0.75467,                 1.0119,                0.78044,                0.84375,                0.84659,                0.74477,                0.54108,                0.78184,                0.94024,              0.0018317,              0.0018317,              0.0018317
                     20,                0.67407,                0.71649,                 1.0064,                0.81719,                0.80101,                0.84062,                0.74132,                0.51942,                 0.7111,                0.93449,              0.0018218,              0.0018218,              0.0018218
                     21,                0.65574,                0.71441,                 1.0085,                0.79532,                0.82033,                0.83847,                0.72959,                0.53972,                0.65312,                0.94444,              0.0018119,              0.0018119,              0.0018119
                     22,                 0.6744,                0.73393,                 1.0159,                0.81794,                0.81717,                0.84354,                0.74436,                0.52705,                0.63811,                0.94225,               0.001802,               0.001802,               0.001802
                     23,                0.64406,                0.70646,                 1.0007,                0.81757,                0.82387,                0.85329,                0.74884,                0.53121,                0.65075,                0.93966,              0.0017921,              0.0017921,              0.0017921
                     24,                0.65951,                0.73721,                 1.0101,                0.79061,                0.84288,                0.85072,                 0.7493,                0.53417,                0.64423,                0.93662,              0.0017822,              0.0017822,              0.0017822
                     25,                0.63676,                0.68741,                0.98425,                0.80631,                0.85362,                0.85254,                0.75551,                0.52538,                0.63763,                0.93345,              0.0017723,              0.0017723,              0.0017723
                     26,                0.64468,                0.69741,                 1.0046,                0.84401,                0.80887,                0.85181,                0.75259,                0.51562,                0.60781,                0.92782,              0.0017624,              0.0017624,              0.0017624
                     27,                0.64959,                0.67765,                 1.0034,                 0.8175,                 0.8303,                0.85464,                0.75821,                0.51308,                0.59006,                0.92632,              0.0017525,              0.0017525,              0.0017525
                     28,                0.65127,                0.66978,                0.99538,                0.81982,                0.85028,                  0.857,                0.75825,                0.52207,                0.61503,                0.93202,              0.0017426,              0.0017426,              0.0017426
                     29,                0.64176,                0.70631,                  1.002,                 0.8263,                0.80707,                0.84953,                0.74417,                0.52665,                0.70199,                0.93711,              0.0017327,              0.0017327,              0.0017327
                     30,                0.64496,                0.67267,                0.98551,                0.82795,                0.82121,                0.85396,                0.75468,                0.52294,                0.64529,                0.93181,              0.0017228,              0.0017228,              0.0017228
                     31,                0.63441,                0.68673,                0.97775,                0.79036,                0.88283,                0.85166,                0.75208,                 0.5206,                0.60359,                 0.9281,              0.0017129,              0.0017129,              0.0017129
                     32,                0.63233,                0.68065,                0.98789,                 0.8041,                0.84167,                0.85495,                0.75101,                0.53194,                 0.6132,                0.93671,               0.001703,               0.001703,               0.001703
                     33,                0.62855,                0.67974,                0.99595,                0.83906,                0.83205,                0.86533,                0.76932,                0.49832,                0.61403,                0.92065,              0.0016931,              0.0016931,              0.0016931
                     34,                0.62168,                0.64972,                0.98541,                0.81829,                0.82331,                0.84909,                0.75128,                0.52329,                0.61724,                0.93322,              0.0016832,              0.0016832,              0.0016832
                     35,                0.63147,                0.65938,                0.98856,                0.81264,                0.83939,                0.85988,                 0.7632,                0.50917,                 0.6766,                0.93116,              0.0016733,              0.0016733,              0.0016733
                     36,                0.60748,                0.67063,                0.96834,                0.82853,                0.84924,                0.86421,                0.77177,                0.50161,                0.57803,                0.91828,              0.0016634,              0.0016634,              0.0016634
                     37,                0.59116,                 0.6213,                0.96678,                0.81602,                0.85556,                0.85681,                0.75683,                0.50894,                0.59888,                0.92513,              0.0016535,              0.0016535,              0.0016535
                     38,                0.59495,                0.63628,                0.96423,                0.82739,                0.84242,                0.86192,                0.76619,                0.51398,                0.58863,                0.92559,              0.0016436,              0.0016436,              0.0016436
                     39,                0.63038,                0.65401,                0.99708,                  0.822,                0.83737,                0.85933,                0.76253,                0.50233,                0.58814,                0.92014,              0.0016337,              0.0016337,              0.0016337
                     40,                 0.6343,                0.67283,                 1.0024,                0.83974,                0.81919,                0.85398,                0.75786,                0.51068,                0.58754,                0.92541,              0.0016238,              0.0016238,              0.0016238
                     41,                0.61222,                0.62734,                   0.98,                0.81965,                0.83535,                0.85571,                0.75867,                0.50836,                0.61909,                0.92363,              0.0016139,              0.0016139,              0.0016139
                     42,                0.61403,                 0.6395,                0.97577,                0.82114,                0.85152,                0.85996,                0.76763,                0.49229,                0.64025,                0.91858,               0.001604,               0.001604,               0.001604
                     43,                0.60851,                0.61896,                0.96818,                0.81408,                0.85805,                0.86141,                0.76716,                0.49674,                0.59789,                0.91982,              0.0015941,              0.0015941,              0.0015941
                     44,                0.60107,                0.63562,                0.97828,                0.79634,                0.85311,                0.86225,                0.76502,                0.51081,                0.59363,                0.92549,              0.0015842,              0.0015842,              0.0015842
                     45,                0.59212,                0.64142,                0.96899,                0.81702,                0.85051,                0.86705,                0.77009,                0.50394,                0.58455,                0.91953,              0.0015743,              0.0015743,              0.0015743
                     46,                0.61082,                  0.653,                0.97379,                0.81387,                0.84343,                0.85597,                0.76592,                0.48584,                 0.5837,                0.91558,              0.0015644,              0.0015644,              0.0015644
                     47,                0.59278,                 0.6203,                0.97335,                0.82879,                0.85556,                0.86653,                0.77392,                0.48878,                0.60167,                0.91695,              0.0015545,              0.0015545,              0.0015545
                     48,                0.59193,                0.62524,                0.96389,                0.81505,                0.84949,                0.86235,                0.77194,                0.49323,                0.59512,                0.91433,              0.0015446,              0.0015446,              0.0015446
                     49,                0.61412,                0.61908,                0.98849,                0.82091,                0.83636,                0.86058,                0.76355,                 0.5128,                0.62565,                0.92393,              0.0015347,              0.0015347,              0.0015347
                     50,                0.60182,                0.61744,                0.97075,                0.79654,                0.88384,                0.87095,                0.77784,                0.49433,                0.56421,                0.91856,              0.0015248,              0.0015248,              0.0015248
                     51,                0.59311,                0.59203,                0.96413,                0.82304,                0.83131,                0.86432,                0.76573,                0.51476,                 0.5856,                0.92257,              0.0015149,              0.0015149,              0.0015149
                     52,                0.58835,                0.60611,                0.96764,                0.80443,                0.87071,                0.87274,                0.77994,                0.48835,                0.58507,                0.91495,               0.001505,               0.001505,               0.001505
                     53,                0.56851,                0.58844,                0.95811,                0.82025,                0.87172,                0.87346,                0.77998,                 0.4967,                0.55921,                0.91402,              0.0014951,              0.0014951,              0.0014951
                     54,                0.59164,                0.58794,                0.95773,                0.81046,                0.87374,                0.87002,                0.77474,                0.50525,                0.58512,                0.92594,              0.0014852,              0.0014852,              0.0014852
                     55,                0.57284,                0.59691,                0.95004,                0.81852,                0.86103,                0.87612,                0.78326,                0.48874,                0.55434,                0.91375,              0.0014753,              0.0014753,              0.0014753
                     56,                 0.5706,                0.59028,                0.95989,                0.83297,                0.85132,                0.86198,                 0.7658,                 0.5064,                 0.6049,                 0.9238,              0.0014654,              0.0014654,              0.0014654
                     57,                0.59515,                 0.6186,                0.96793,                 0.8235,                0.85772,                0.86607,                0.77738,                 0.4887,                0.55398,                0.91688,              0.0014555,              0.0014555,              0.0014555
                     58,                0.56406,                 0.5789,                0.94923,                0.82466,                0.87415,                0.87182,                0.78395,                0.47398,                0.54972,                0.91234,              0.0014456,              0.0014456,              0.0014456
                     59,                0.58561,                0.58574,                0.95639,                0.83237,                0.86267,                0.86301,                 0.7761,                0.48688,                0.53764,                 0.9121,              0.0014357,              0.0014357,              0.0014357
                     60,                0.58413,                0.58184,                0.95472,                0.83451,                0.84747,                0.85819,                0.76715,                0.49014,                0.63107,                0.91701,              0.0014258,              0.0014258,              0.0014258
                     61,                0.55898,                0.58626,                0.94647,                0.82638,                0.87172,                0.87076,                0.77385,                0.49398,                0.53463,                0.91626,              0.0014159,              0.0014159,              0.0014159
                     62,                0.56935,                0.58652,                0.95352,                0.84043,                0.84444,                0.87351,                0.78117,                0.48193,                0.56023,                0.91248,               0.001406,               0.001406,               0.001406
                     63,                0.56568,                0.58658,                0.94963,                0.83357,                0.86511,                0.87039,                 0.7828,                0.47682,                0.53305,                0.90948,              0.0013961,              0.0013961,              0.0013961
                     64,                0.56448,                0.58653,                   0.96,                0.79941,                0.88565,                0.87001,                0.77824,                0.48659,                0.55095,                 0.9148,              0.0013862,              0.0013862,              0.0013862
                     65,                0.57287,                0.60007,                0.95928,                0.83635,                0.84242,                0.86915,                0.77924,                0.47744,                0.59353,                0.90838,              0.0013763,              0.0013763,              0.0013763
                     66,                0.56076,                 0.5951,                0.95241,                0.80865,                0.88363,                0.87447,                0.78718,                0.47682,                0.53743,                0.91205,              0.0013664,              0.0013664,              0.0013664
                     67,                0.56814,                0.59739,                0.95208,                0.82384,                0.86667,                0.86861,                0.77765,                0.47466,                 0.5833,                 0.9126,              0.0013565,              0.0013565,              0.0013565
                     68,                0.56313,                0.57164,                0.94872,                0.82999,                0.85312,                0.85905,                0.76727,                0.48724,                0.59936,                 0.9233,              0.0013466,              0.0013466,              0.0013466
                     69,                 0.5493,                0.51808,                0.94309,                0.82639,                 0.8596,                0.86692,                0.77605,                0.48979,                0.56153,                0.92063,              0.0013367,              0.0013367,              0.0013367
                     70,                0.56903,                0.55528,                0.94329,                0.82899,                0.87475,                0.87416,                0.78436,                0.49565,                0.54867,                 0.9185,              0.0013268,              0.0013268,              0.0013268
                     71,                0.56078,                0.55804,                0.94267,                0.80873,                 0.8841,                0.87224,                0.78046,                0.49019,                  0.539,                0.91652,              0.0013169,              0.0013169,              0.0013169
                     72,                0.55961,                0.56768,                0.94343,                0.82076,                0.86494,                0.86586,                0.77843,                 0.4783,                0.57632,                0.91437,               0.001307,               0.001307,               0.001307
                     73,                0.53575,                0.54282,                0.94039,                0.81624,                0.87778,                0.86293,                0.77217,                0.48341,                0.56289,                0.91674,              0.0012971,              0.0012971,              0.0012971
                     74,                0.55887,                0.54695,                0.94716,                0.82933,                0.86162,                0.86033,                0.77471,                0.48017,                0.55093,                0.91513,              0.0012872,              0.0012872,              0.0012872
                     75,                0.55685,                0.56358,                0.94159,                0.82616,                0.85927,                0.86107,                0.76952,                0.49527,                  0.631,                0.91927,              0.0012773,              0.0012773,              0.0012773
                     76,                0.55081,                0.54506,                0.94953,                0.83364,                0.84141,                0.86478,                 0.7765,                0.47849,                0.55067,                 0.9121,              0.0012674,              0.0012674,              0.0012674
                     77,                0.55007,                0.55309,                0.94055,                0.83941,                0.83952,                0.86107,                0.77246,                 0.4781,                0.60567,                0.91203,              0.0012575,              0.0012575,              0.0012575
                     78,                0.55529,                0.55362,                0.94904,                0.81231,                0.86465,                0.86474,                0.77421,                0.48438,                0.58181,                 0.9154,              0.0012476,              0.0012476,              0.0012476
                     79,                0.54893,                0.56897,                0.93982,                0.82054,                0.84343,                0.86236,                0.76931,                 0.4883,                0.56267,                0.91694,              0.0012377,              0.0012377,              0.0012377
                     80,                0.55525,                0.55516,                0.94836,                0.83023,                0.82989,                0.85981,                0.77125,                0.49342,                0.55493,                0.92069,              0.0012278,              0.0012278,              0.0012278
                     81,                0.55042,                 0.5299,                0.94808,                0.83455,                0.81818,                0.85328,                0.76493,                0.49185,                0.56664,                0.92082,              0.0012179,              0.0012179,              0.0012179
                     82,                0.55246,                0.54698,                0.94533,                0.79481,                0.86162,                0.85968,                0.77384,                0.47484,                0.56214,                0.91217,               0.001208,               0.001208,               0.001208
                     83,                0.54124,                0.53886,                0.94496,                0.85075,                0.83737,                0.86108,                0.78029,                0.47153,                0.54974,                0.90929,              0.0011981,              0.0011981,              0.0011981
                     84,                0.52014,                0.49993,                 0.9401,                0.81761,                0.87389,                0.85652,                0.76422,                0.48936,                0.61311,                0.92195,              0.0011882,              0.0011882,              0.0011882
                     85,                0.53541,                0.55078,                 0.9338,                0.81719,                0.87143,                0.86221,                0.77124,                0.48175,                0.54096,                0.91532,              0.0011783,              0.0011783,              0.0011783
                     86,                0.53916,                0.54466,                0.94624,                0.83101,                0.86162,                0.86243,                0.77351,                0.48687,                0.58202,                0.91913,              0.0011684,              0.0011684,              0.0011684
                     87,                0.54403,                0.51551,                 0.9361,                0.81112,                0.86263,                0.86079,                0.77413,                0.48611,                0.55983,                0.91102,              0.0011585,              0.0011585,              0.0011585
                     88,                0.54702,                0.53071,                0.94142,                0.82387,                0.84949,                0.86154,                 0.7737,                0.47393,                0.56417,                0.90707,              0.0011486,              0.0011486,              0.0011486
                     89,                0.54943,                0.53348,                0.94497,                0.83799,                0.81919,                0.86016,                0.76816,                0.50007,                0.56254,                0.92147,              0.0011387,              0.0011387,              0.0011387
                     90,                0.54503,                 0.5296,                0.93651,                0.81402,                0.85769,                0.86533,                0.77734,                0.48738,                0.55514,                0.91577,              0.0011288,              0.0011288,              0.0011288
                     91,                0.54299,                0.52457,                0.94633,                0.83301,                0.85051,                0.86699,                0.78131,                0.47811,                0.55732,                0.91235,              0.0011189,              0.0011189,              0.0011189
                     92,                0.52569,                0.50471,                0.93341,                0.83056,                0.85152,                0.86281,                0.77862,                 0.4838,                 0.6074,                0.91483,               0.001109,               0.001109,               0.001109
                     93,                0.52191,                0.51059,                0.93232,                0.84111,                0.83949,                0.86372,                0.77699,                 0.4784,                0.54049,                0.90913,              0.0010991,              0.0010991,              0.0010991
                     94,                0.54481,                0.53802,                0.93454,                0.85155,                0.83737,                0.86354,                0.76998,                0.49151,                0.53644,                0.91523,              0.0010892,              0.0010892,              0.0010892
                     95,                 0.5317,                0.54297,                 0.9415,                0.82388,                 0.8647,                 0.8651,                0.77664,                0.48663,                 0.5387,                0.90903,              0.0010793,              0.0010793,              0.0010793
                     96,                0.51542,                0.49821,                0.92407,                0.82191,                0.85313,                0.85278,                 0.7706,                0.48086,                0.59449,                0.91333,              0.0010694,              0.0010694,              0.0010694
                     97,                0.53068,                0.49786,                0.93246,                0.81917,                0.85253,                0.85914,                0.78098,                0.47173,                0.55684,                0.90789,              0.0010595,              0.0010595,              0.0010595
                     98,                0.52391,                0.52246,                0.92151,                0.82906,                0.86061,                0.86665,                0.77942,                0.47672,                  0.595,                0.91181,              0.0010496,              0.0010496,              0.0010496
                     99,                0.52185,                0.50112,                0.92069,                0.83033,                0.85516,                0.86875,                0.78588,                0.48046,                0.53975,                0.91349,              0.0010397,              0.0010397,              0.0010397
                    100,                0.52643,                0.52437,                0.92082,                0.80301,                0.89763,                0.86998,                0.78599,                0.47564,                0.53923,                0.91164,              0.0010298,              0.0010298,              0.0010298
                    101,                0.52182,                0.48419,                 0.9211,                0.83448,                0.86066,                0.87213,                0.78818,                0.46296,                 0.5302,                0.90354,              0.0010199,              0.0010199,              0.0010199
                    102,                0.52227,                0.51454,                0.93849,                0.84561,                0.84646,                0.86038,                0.77761,                 0.4645,                0.55302,                0.90375,                0.00101,                0.00101,                0.00101
                    103,                0.52535,                0.49734,                 0.9337,                0.82551,                0.86768,                0.86671,                 0.7802,                0.47123,                0.53764,                0.90432,              0.0010001,              0.0010001,              0.0010001
                    104,                0.52152,                0.50692,                0.93219,                 0.8367,                0.87071,                0.86322,                0.77926,                0.47356,                0.54798,                0.90838,              0.0009902,              0.0009902,              0.0009902
                    105,                0.51703,                0.48842,                0.91933,                0.84278,                0.83838,                0.86118,                0.77603,                0.47298,                0.56451,                0.90819,              0.0009803,              0.0009803,              0.0009803
                    106,                0.51722,                0.48444,                0.92098,                0.81335,                0.88035,                0.85592,                0.77219,                0.47787,                0.57826,                0.91003,              0.0009704,              0.0009704,              0.0009704
                    107,                0.51551,                0.50529,                0.93665,                 0.8221,                0.81685,                0.84974,                0.76504,                0.47403,                0.56377,                0.91196,              0.0009605,              0.0009605,              0.0009605
                    108,                0.53007,                0.50184,                0.93207,                0.82089,                0.87031,                0.86169,                 0.7748,                0.46985,                0.53656,                 0.9086,              0.0009506,              0.0009506,              0.0009506
                    109,                0.51663,                0.49741,                0.92453,                0.81744,                0.86841,                0.86555,                0.78269,                0.46522,                0.53484,                0.90501,              0.0009407,              0.0009407,              0.0009407
                    110,                0.53015,                0.49717,                0.93147,                 0.8281,                0.83636,                0.84782,                0.76531,                0.47044,                0.65081,                0.91245,              0.0009308,              0.0009308,              0.0009308
                    111,                0.50075,                0.47901,                0.92063,                0.83158,                0.84784,                 0.8624,                0.78146,                0.46359,                0.54394,                0.90504,              0.0009209,              0.0009209,              0.0009209
                    112,                0.51618,                0.48793,                0.93098,                0.80672,                0.88115,                0.86102,                0.77658,                0.46907,                0.59643,                0.90866,               0.000911,               0.000911,               0.000911
                    113,                0.51553,                0.47963,                0.92972,                0.81437,                0.86768,                0.85948,                0.77438,                0.47518,                0.55311,                0.91198,              0.0009011,              0.0009011,              0.0009011
                    114,                0.51073,                0.47111,                0.91844,                0.83578,                0.85253,                0.85734,                0.77604,                0.47807,                0.59411,                 0.9127,              0.0008912,              0.0008912,              0.0008912
                    115,                0.50069,                0.48988,                0.91302,                0.84202,                0.82424,                0.85375,                0.77156,                0.47828,                0.60915,                0.91612,              0.0008813,              0.0008813,              0.0008813
                    116,                0.51508,                0.50306,                0.91856,                0.83377,                0.81571,                0.84774,                0.75858,                0.49131,                0.64667,                0.92529,              0.0008714,              0.0008714,              0.0008714
                    117,                0.51206,                0.48705,                0.91916,                0.82885,                0.85859,                0.86105,                0.77325,                0.47223,                0.55472,                0.90875,              0.0008615,              0.0008615,              0.0008615
                    118,                0.50432,                0.47981,                0.91989,                0.80605,                0.87778,                0.86045,                0.77671,                0.46934,                0.55426,                 0.9114,              0.0008516,              0.0008516,              0.0008516
                    119,                0.50442,                0.47827,                0.92043,                0.83703,                0.85455,                 0.8675,                0.78168,                 0.4715,                0.57877,                0.91091,              0.0008417,              0.0008417,              0.0008417
                    120,                0.50914,                0.47103,                0.92378,                0.83338,                0.84747,                0.86254,                0.77875,                0.47493,                0.56357,                0.91491,              0.0008318,              0.0008318,              0.0008318
                    121,                0.51266,                0.46857,                0.92211,                0.82379,                0.85556,                0.86426,                0.78004,                0.47576,                0.56806,                0.91683,              0.0008219,              0.0008219,              0.0008219
                    122,                0.50471,                0.47898,                0.92093,                0.81695,                0.87457,                0.86067,                0.77958,                0.46672,                0.55327,                0.90724,               0.000812,               0.000812,               0.000812
                    123,                 0.5156,                0.48046,                0.92776,                 0.8126,                0.83838,                0.84965,                0.76591,                0.46729,                0.62895,                0.91247,              0.0008021,              0.0008021,              0.0008021
                    124,                0.49211,                0.46764,                0.91698,                0.79617,                 0.8483,                0.85392,                0.76736,                0.48904,                0.60427,                0.91635,              0.0007922,              0.0007922,              0.0007922
                    125,                0.49502,                0.46554,                0.92156,                0.81946,                0.84444,                0.86458,                0.77927,                0.47079,                0.60351,                 0.9121,              0.0007823,              0.0007823,              0.0007823
                    126,                0.51251,                0.48605,                0.91842,                0.80704,                0.87452,                0.85906,                0.77651,                0.46578,                0.54726,                0.90403,              0.0007724,              0.0007724,              0.0007724
                    127,                0.51103,                0.45795,                0.92049,                0.82481,                0.83636,                 0.8545,                0.77195,                0.47209,                0.61461,                0.90894,              0.0007625,              0.0007625,              0.0007625
                    128,                0.49914,                0.44526,                 0.9115,                0.84124,                0.82963,                0.85927,                 0.7799,                 0.4685,                 0.5604,                0.90637,              0.0007526,              0.0007526,              0.0007526
                    129,                 0.4745,                0.43519,                0.90689,                 0.8415,                0.82525,                0.85788,                 0.7795,                0.46357,                0.63673,                0.90716,              0.0007427,              0.0007427,              0.0007427
                    130,                 0.5078,                0.46105,                0.92788,                0.82272,                0.83912,                0.85866,                0.77752,                0.46082,                0.57692,                0.90454,              0.0007328,              0.0007328,              0.0007328
                    131,                0.50711,                0.47388,                0.91417,                 0.8175,                0.85859,                0.85397,                0.77346,                0.46852,                0.60233,                0.90979,              0.0007229,              0.0007229,              0.0007229
                    132,                 0.5016,                  0.461,                0.92004,                0.80332,                0.86637,                0.85439,                 0.7712,                0.47332,                0.57654,                0.90943,               0.000713,               0.000713,               0.000713
                    133,                0.50094,                0.45594,                 0.9269,                0.81873,                0.85657,                0.85898,                0.77916,                0.46598,                0.56878,                0.90653,              0.0007031,              0.0007031,              0.0007031
                    134,                0.49887,                0.46129,                0.92429,                0.82836,                0.82626,                 0.8467,                0.76837,                 0.4724,                0.69559,                0.91349,              0.0006932,              0.0006932,              0.0006932
                    135,                0.48868,                0.45692,                0.91284,                0.80933,                0.86162,                 0.8582,                0.77103,                0.48188,                0.56623,                 0.9165,              0.0006833,              0.0006833,              0.0006833
                    136,                0.47821,                0.45172,                0.91558,                0.84357,                0.82798,                0.85826,                0.77457,                0.47699,                0.57641,                0.91517,              0.0006734,              0.0006734,              0.0006734
                    137,                0.48945,                0.44013,                0.90511,                 0.8295,                0.84343,                0.84935,                0.76868,                0.47287,                0.60841,                0.91237,              0.0006635,              0.0006635,              0.0006635
                    138,                 0.4962,                0.46082,                0.91324,                0.80016,                0.85741,                0.84529,                0.75997,                0.47841,                 0.5642,                0.91447,              0.0006536,              0.0006536,              0.0006536
                    139,                0.49793,                0.44119,                0.91285,                0.85297,                0.82624,                0.85402,                0.77027,                0.46881,                0.58536,                0.90796,              0.0006437,              0.0006437,              0.0006437
                    140,                0.49678,                0.44201,                0.91835,                0.81358,                0.84747,                0.85019,                0.76625,                0.47302,                0.61816,                0.91099,              0.0006338,              0.0006338,              0.0006338
                    141,                0.49477,                0.45602,                0.91886,                0.82542,                0.85051,                0.85498,                0.77205,                0.47566,                0.58245,                0.91355,              0.0006239,              0.0006239,              0.0006239
                    142,                0.49531,                0.44236,                 0.9095,                0.83718,                0.83099,                0.84629,                0.76399,                0.48141,                0.62926,                0.91411,               0.000614,               0.000614,               0.000614
                    143,                0.49134,                0.44655,                0.92061,                0.81998,                0.85758,                0.85121,                0.76896,                0.47639,                0.58672,                 0.9161,              0.0006041,              0.0006041,              0.0006041
                    144,                0.48117,                 0.4391,                0.90669,                0.82984,                0.84239,                 0.8474,                0.76395,                0.47531,                0.59802,                  0.912,              0.0005942,              0.0005942,              0.0005942
                    145,                0.48313,                 0.4481,                0.91099,                0.81709,                0.84832,                0.85565,                0.77085,                 0.4848,                0.59656,                0.92282,              0.0005843,              0.0005843,              0.0005843
                    146,                0.49485,                0.44636,                0.91933,                0.83436,                0.83444,                0.85667,                0.76782,                 0.4852,                 0.6279,                0.91914,              0.0005744,              0.0005744,              0.0005744
                    147,                0.47319,                0.44025,                0.90146,                0.83714,                0.82553,                0.85549,                0.77203,                0.47491,                0.60828,                0.91311,              0.0005645,              0.0005645,              0.0005645
                    148,                0.48041,                0.43147,                0.91028,                0.81077,                0.86061,                0.86111,                 0.7771,                0.47694,                0.57248,                0.91241,              0.0005546,              0.0005546,              0.0005546
                    149,                0.48136,                0.43964,                0.91019,                0.83739,                0.82727,                0.85255,                0.76972,                0.46555,                0.61584,                0.90557,              0.0005447,              0.0005447,              0.0005447
                    150,                0.48634,                0.43522,                0.90968,                0.82446,                0.83939,                0.85071,                0.76588,                0.47212,                0.57535,                0.90984,              0.0005348,              0.0005348,              0.0005348
                    151,                 0.4753,                0.43426,                0.90415,                0.82229,                0.84949,                0.84705,                0.76604,                0.47051,                0.62023,                0.91029,              0.0005249,              0.0005249,              0.0005249
                    152,                0.48161,                0.43074,                0.90679,                0.82584,                0.85354,                0.85307,                0.77098,                0.46663,                0.57615,                 0.9063,               0.000515,               0.000515,               0.000515
                    153,                 0.4849,                0.45111,                0.90644,                 0.7957,                0.87273,                0.84624,                0.76746,                0.47112,                0.59651,                 0.9113,              0.0005051,              0.0005051,              0.0005051
                    154,                 0.4863,                0.43301,                0.91841,                0.84778,                0.81717,                0.84857,                0.76753,                0.47224,                0.60652,                0.91212,              0.0004952,              0.0004952,              0.0004952
                    155,                0.49443,                0.42274,                0.91966,                0.82594,                0.83882,                0.85545,                0.77053,                0.47233,                0.58794,                0.91137,              0.0004853,              0.0004853,              0.0004853
                    156,                0.48278,                0.43672,                0.91949,                0.80551,                0.85345,                0.84286,                0.75764,                0.48004,                0.66658,                0.91632,              0.0004754,              0.0004754,              0.0004754
                    157,                0.49014,                0.42524,                0.90885,                0.83012,                 0.8404,                0.85109,                0.76319,                0.48482,                0.58512,                0.92028,              0.0004655,              0.0004655,              0.0004655
                    158,                0.48116,                0.42655,                0.91699,                0.80901,                0.86431,                 0.8498,                0.76632,                0.48056,                 0.6136,                 0.9129,              0.0004556,              0.0004556,              0.0004556
                    159,                0.47764,                0.41376,                 0.9081,                0.81543,                 0.8613,                0.85049,                0.76953,                 0.4775,                0.61765,                0.91787,              0.0004457,              0.0004457,              0.0004457
                    160,                0.47446,                0.41238,                0.90742,                0.79862,                0.88528,                0.85329,                0.76809,                0.48338,                0.57029,                0.92014,              0.0004358,              0.0004358,              0.0004358
                    161,                0.47028,                 0.4064,                 0.9149,                0.81793,                0.84545,                0.85032,                 0.7698,                0.47298,                0.57841,                0.91131,              0.0004259,              0.0004259,              0.0004259
                    162,                0.48484,                0.43203,                0.91873,                 0.8262,                0.85253,                0.85058,                0.76774,                 0.4809,                0.61741,                0.91449,               0.000416,               0.000416,               0.000416
                    163,                0.47514,                0.42328,                0.90426,                 0.8257,                0.85657,                0.84949,                0.76767,                0.47978,                0.60538,                0.92181,              0.0004061,              0.0004061,              0.0004061
                    164,                0.47201,                0.43093,                0.90242,                0.83844,                0.83838,                0.84638,                 0.7625,                0.48837,                0.60034,                0.92193,              0.0003962,              0.0003962,              0.0003962
                    165,                0.48122,                0.41903,                0.91407,                0.85709,                0.81782,                0.85012,                0.76966,                0.47479,                0.60104,                0.91446,              0.0003863,              0.0003863,              0.0003863
                    166,                0.47108,                0.39808,                0.90695,                0.80898,                0.85986,                0.84777,                0.76504,                0.47774,                0.61077,                0.91427,              0.0003764,              0.0003764,              0.0003764
                    167,                0.48393,                0.42901,                0.90497,                0.83893,                0.82222,                0.84362,                0.75993,                0.48952,                0.59382,                0.92635,              0.0003665,              0.0003665,              0.0003665
                    168,                0.47294,                0.41486,                0.90919,                0.80933,                0.87465,                0.84715,                0.76346,                0.48146,                  0.593,                 0.9195,              0.0003566,              0.0003566,              0.0003566
                    169,                0.47531,                0.40375,                0.90712,                0.84208,                0.84025,                0.84946,                 0.7666,                0.47869,                0.59003,                0.91706,              0.0003467,              0.0003467,              0.0003467
                    170,                0.47038,                0.41067,                0.89763,                0.81175,                0.86243,                0.84975,                0.76618,                0.48051,                 0.6233,                0.91715,              0.0003368,              0.0003368,              0.0003368
                    171,                 0.4742,                0.41727,                0.90242,                0.80246,                0.86465,                0.84154,                 0.7615,                 0.4792,                0.62775,                0.91619,              0.0003269,              0.0003269,              0.0003269
                    172,                0.45351,                0.40816,                0.89077,                0.79905,                0.87159,                 0.8433,                 0.7598,                 0.4802,                0.61025,                0.91466,               0.000317,               0.000317,               0.000317
                    173,                0.47313,                0.40811,                0.90156,                0.82119,                0.85822,                0.84318,                0.76359,                0.47341,                0.61726,                0.91417,              0.0003071,              0.0003071,              0.0003071
                    174,                0.45741,                0.39939,                0.89411,                0.80599,                0.86061,                0.84146,                 0.7612,                0.48339,                0.60039,                0.92292,              0.0002972,              0.0002972,              0.0002972
                    175,                0.46169,                0.39156,                0.90123,                0.82284,                0.84646,                0.84464,                0.76638,                0.48353,                0.65737,                0.92161,              0.0002873,              0.0002873,              0.0002873
                    176,                0.46608,                0.40844,                0.90477,                0.82403,                0.84343,                 0.8467,                0.76877,                0.47637,                0.66907,                0.91768,              0.0002774,              0.0002774,              0.0002774
                    177,                0.47253,                0.41045,                0.91008,                0.83656,                0.84272,                0.84997,                0.76789,                0.48303,                0.61637,                0.91652,              0.0002675,              0.0002675,              0.0002675
                    178,                0.45928,                0.39445,                0.90118,                0.83813,                0.83158,                0.84374,                0.76371,                 0.4822,                0.60061,                0.92181,              0.0002576,              0.0002576,              0.0002576
                    179,                0.45453,                0.38085,                0.88901,                0.83199,                0.84033,                0.84165,                0.76218,                0.48343,                0.63006,                0.92336,              0.0002477,              0.0002477,              0.0002477
                    180,                0.44582,                0.39819,                0.90467,                0.81362,                0.83778,                0.83862,                0.75789,                0.48194,                0.60928,                 0.9234,              0.0002378,              0.0002378,              0.0002378
                    181,                0.45633,                0.39954,                0.89887,                0.81733,                0.84242,                0.84075,                0.75831,                 0.4799,                0.60747,                0.91816,              0.0002279,              0.0002279,              0.0002279
                    182,                0.46884,                0.40246,                0.91143,                0.81291,                0.84949,                0.83943,                0.75738,                0.47842,                0.66381,                0.92101,               0.000218,               0.000218,               0.000218
                    183,                0.45769,                0.40374,                0.89836,                0.83079,                0.83636,                0.84492,                0.76316,                0.47574,                0.63892,                0.91761,              0.0002081,              0.0002081,              0.0002081
                    184,                0.46578,                0.40924,                0.90804,                0.83196,                0.84018,                0.85105,                0.76895,                0.47758,                0.59243,                0.91701,              0.0001982,              0.0001982,              0.0001982
                    185,                0.45161,                0.39334,                0.89735,                0.83679,                0.83898,                0.84373,                0.76024,                0.47652,                0.59651,                0.91774,              0.0001883,              0.0001883,              0.0001883
                    186,                0.44929,                0.38488,                0.89203,                0.79569,                0.85455,                0.83342,                0.75338,                0.47729,                0.66892,                0.91961,              0.0001784,              0.0001784,              0.0001784
                    187,                0.46907,                0.40527,                0.90999,                0.79193,                0.86566,                0.83754,                0.75753,                0.47694,                0.64488,                0.91827,              0.0001685,              0.0001685,              0.0001685
                    188,                0.45048,                0.38493,                 0.9049,                0.81984,                0.84242,                0.84408,                0.76047,                0.48079,                0.61233,                0.91984,              0.0001586,              0.0001586,              0.0001586
                    189,                0.45317,                0.39261,                0.90178,                0.82526,                0.84915,                0.84593,                 0.7641,                0.48032,                 0.6039,                0.91975,              0.0001487,              0.0001487,              0.0001487
                    190,                0.45143,                0.38271,                0.90307,                0.82722,                0.83838,                0.84279,                0.76372,                0.47576,                0.63226,                0.91764,              0.0001388,              0.0001388,              0.0001388
                    191,                0.39973,                0.37091,                0.86711,                0.82652,                0.83535,                0.83938,                0.75529,                 0.4865,                0.64432,                0.92391,              0.0001289,              0.0001289,              0.0001289
                    192,                0.39024,                0.35064,                 0.8603,                 0.8262,                0.84242,                 0.8362,                0.75073,                0.48952,                 0.6324,                 0.9292,               0.000119,               0.000119,               0.000119
                    193,                0.40293,                0.35533,                0.87777,                0.82397,                0.84343,                0.83748,                0.75076,                0.49301,                0.62272,                0.93362,              0.0001091,              0.0001091,              0.0001091
                    194,                0.38296,                0.32846,                0.86349,                0.81977,                0.84848,                0.83947,                0.75272,                0.48991,                0.61005,                0.93216,               9.92e-05,               9.92e-05,               9.92e-05
                    195,                0.39003,                0.33347,                0.86441,                0.82938,                0.83469,                0.83473,                0.74945,                0.48681,                0.62478,                0.92949,               8.93e-05,               8.93e-05,               8.93e-05
                    196,                0.37567,                0.32058,                0.85557,                0.83071,                0.83131,                0.83469,                0.74895,                0.48755,                0.64641,                0.93089,               7.94e-05,               7.94e-05,               7.94e-05
                    197,                0.39669,                 0.3303,                0.86093,                0.82697,                0.83517,                0.83442,                0.75034,                0.48906,                0.64941,                0.93258,               6.95e-05,               6.95e-05,               6.95e-05
                    198,                0.38365,                0.32816,                0.85274,                0.82236,                 0.8303,                0.83213,                  0.749,                 0.4882,                0.65198,                0.93171,               5.96e-05,               5.96e-05,               5.96e-05
                    199,                0.38342,                0.32068,                0.86337,                0.80132,                0.85455,                 0.8315,                 0.7483,                0.48663,                0.66301,                0.92993,               4.97e-05,               4.97e-05,               4.97e-05
                    200,                0.37958,                0.30585,                0.85992,                0.80472,                0.85354,                0.83317,                0.74981,                0.48682,                0.66997,                 0.9312,               3.98e-05,               3.98e-05,               3.98e-05
